股票代码,股票名称,昨日搜索量,今日搜索量,热度涨幅
002677,浙江美大,335,1239,3.553748136098685
001314,亿道信息,1546,4260,3.372439797754735
002354,天娱数科,5962,10180,3.2665367052100294
002660,茂硕电源,1340,2581,2.947019325253849
300114,中航电测,15583,32521,2.9320066137013443
002385,大北农,2519,7057,2.801473092643052
600449,宁夏建材,733,1491,2.6840048840048847
600018,上港集团,974,2742,2.499244455276627
000584,哈工智能,2614,4603,2.1110785784869885
002825,纳尔股份,451,1066,1.9534501642935378
300261,雅本化学,1184,2660,1.9377970935759878
002229,鸿博股份,3476,5256,1.8677859391395595
600282,南钢股份,1084,2156,1.71785378792065
002626,金达威,1505,2616,1.7158758055067374
002641,公元股份,496,1106,1.6627502584829401
300444,双杰电气,552,1149,1.6394886363636365
000925,众合科技,1237,2235,1.6394018352781239
300541,先进数通,759,1255,1.2515444183415991
002562,兄弟科技,1123,1876,1.249470732963323
002156,通富微电,2694,4192,1.1051413162380117
002649,博彦科技,2318,3259,1.0383942161339421
002733,雄韬股份,2366,3096,0.9226410982784921
000878,云南铜业,1098,1865,0.908211179617002
002734,利民股份,984,1240,0.8978111017051638
002117,东港股份,1722,2437,0.8829415772440812
002882,金龙羽,2840,3697,0.8731993535239972
600340,华夏幸福,1654,2910,0.8492224475997296
600362,江西铜业,1344,2265,0.8481201575003177
002328,新朋股份,1481,1971,0.8371134020618558
000682,东方电子,1066,1601,0.8124312719275277
000400,许继电气,1422,2162,0.8018832673193335
002342,巨力索具,1329,1801,0.7547419497132775
600501,航天晨光,2587,3353,0.7359528226875165
300250,初灵信息,1666,2360,0.733294469139401
002325,洪涛股份,718,1045,0.7283410138248847
002864,盘龙药业,739,1132,0.7179664860778634
600172,黄河旋风,1766,2709,0.7044020297246478
002185,华天科技,2362,3270,0.6475825094682996
300724,捷佳伟创,860,1311,0.6400293613897725
600371,万向德农,807,1065,0.6166652930025549
002665,首航高科,1720,2425,0.6130986295618794
000713,丰乐种业,1346,1797,0.557430848570089
002591,恒大高新,1155,1527,0.5479758216081678
002140,东华科技,1296,1557,0.5408360128617362
600354,敦煌种业,2576,3152,0.5199203187250996
600509,天富能源,783,1058,0.5189016852104886
002336,人人乐,1465,1913,0.4974347193506392
002121,科陆电子,1275,1739,0.4832986136053443
002867,周大生,3694,5007,0.47648067273159556
301269,华大九天,1362,1772,0.4684052946738104
600559,老白干酒,1061,1236,0.464021212398281
002695,煌上煌,1247,1672,0.4627717493335337
000792,盐湖股份,2548,3370,0.459014499451216
000998,隆平高科,2132,2749,0.45493376725737966
300624,万兴科技,1520,1949,0.4519562611254404
002806,华锋股份,1167,1461,0.44543127318321907
002384,东山精密,1083,1426,0.4428959437196669
003035,南网能源,3012,3356,0.44270879559776377
300087,荃银高科,1244,1548,0.4423704149731549
002197,证通电子,1827,2315,0.4182774723650766
002488,金固股份,850,1036,0.4139042357274403
600210,紫江企业,869,1051,0.3974397590361447
600598,北大荒,1521,1940,0.3825640702726527
002339,积成电子,2000,2416,0.38194136642816456
000807,云铝股份,1424,1793,0.38066948881220886
002276,万马股份,1072,1333,0.3792844257366206
300267,尔康制药,864,1033,0.377232142857143
600567,山鹰国际,837,1053,0.37316811628738233
002639,雪人股份,1531,1879,0.36430582629413033
002493,荣盛石化,1119,1393,0.362384275094632
300846,首都在线,1520,1797,0.3512461740271098
002345,潮宏基,1948,2443,0.34124946512623033
600346,恒力石化,1606,1981,0.33801634911261
600584,长电科技,3052,3739,0.3369640591966174
002436,兴森科技,1020,1245,0.33157172620559994
600612,老凤祥,2542,3189,0.3258030908143774
002543,万和电气,839,2376,0.3216386084672502
002792,通宇通讯,1407,1582,0.31870133132378786
600101,明星电力,973,1146,0.3186003683241254
002075,沙钢股份,1054,1261,0.3108269041578211
300612,宣亚国际,1157,1336,0.3031771989253593
000723,美锦能源,2389,2824,0.2940902203053968
002927,泰永长征,1030,1261,0.29332691128820376
600313,农发种业,3071,3483,0.29115188732119757
000821,京山轻机,2508,2974,0.29076122036232177
002094,青岛金王,935,1112,0.283528501988511
000301,东方盛虹,1456,1737,0.27806592506653915
600765,中航重机,1238,1417,0.2713964552726511
600369,西南证券,1203,1420,0.26775305280177
002405,四维图新,2423,2809,0.26640329374806626
600631,百联股份,873,1011,0.26545502785884856
600827,百联股份,873,1011,0.26545502785884856
600606,绿地控股,1207,1439,0.2649549088331431
300045,华力创通,869,1027,0.2607112375533427
600755,厦门国贸,985,1146,0.247495361781076
300130,新国都,883,1004,0.2443933695500764
300473,德尔股份,1410,1541,0.2383013423660767
002349,精华制药,1394,1617,0.23783604869258212
000895,双汇发展,1281,1470,0.23604651162790713
002150,通润装备,1316,1511,0.22902154543981856
300352,北信源,1243,1429,0.22813398748096758
000630,铜陵有色,2617,3078,0.22525695029486115
300177,中海达,1022,1173,0.22458713714227097
300199,翰宇药业,1637,1954,0.21849079025549623
600079,人福医药,1039,1198,0.21093321134492227
000887,中鼎股份,974,1115,0.20979989738327331
600583,海油工程,940,1061,0.20689858490566038
600732,爱旭股份,1600,1812,0.2058803830955731
000599,青岛双星,1089,1186,0.20307536817788074
300866,安克创新,990,1117,0.2010371179039303
002291,遥望科技,1034,1227,0.2002647774438242
600352,浙江龙盛,1039,1180,0.2000880798590723
300677,英科医疗,1228,1414,0.19640256335566564
002078,太阳纸业,1104,1230,0.19630385731170086
002549,凯美特气,1203,1341,0.1937264013941331
002401,中远海科,1440,1745,0.19257565861092962
600073,上海梅林,907,1014,0.17812858783008023
600309,万华化学,2281,2585,0.1771632972951247
002719,麦趣尔,931,1057,0.17705203992634955
600797,浙大网新,1166,1289,0.175826884211564
600305,恒顺醋业,1035,1142,0.1750931046157318
000733,振华科技,1258,1375,0.17381281696634399
002812,恩捷股份,2111,2320,0.17272727272727284
002246,北化股份,1081,1213,0.17233151757979548
002190,成飞集成,2020,2341,0.16899950983061918
600817,宇通重工,1492,1583,0.16822846943328873
000561,烽火电子,924,1056,0.16777699859747552
300039,上海凯宝,1023,1144,0.16763806611886123
002838,道恩股份,1086,1188,0.1663386380250802
002186,全聚德,1484,1718,0.16585604301600876
002845,同兴达,1161,1300,0.16412198200399009
000816,智慧农业,3025,3283,0.1635338345864661
600216,浙江医药,1115,1233,0.1560134950305463
600277,亿利洁能,1165,1287,0.15595521466984041
000983,山西焦煤,1436,1598,0.15589845694375315
600760,中航沈飞,1464,1617,0.15394490319894527
002001,新和成,1309,1442,0.14807847352862136
600127,金健米业,1121,1220,0.14350694791562524
300217,东方电热,962,1049,0.14088675452311805
003022,联泓新科,1063,1171,0.13939205127063947
000488,晨鸣纸业,1036,1129,0.13915690624838772
600426,华鲁恒升,1215,1310,0.1379776631441878
002407,多氟多,2356,2551,0.13646564830232388
002330,得利斯,937,1025,0.13596164091635599
002079,苏州固锝,1679,1820,0.13490597162652573
002218,拓日新能,1739,1862,0.13435534295077023
002317,众生药业,2311,2587,0.13260657068539894
002613,北玻股份,1233,1349,0.13177687245377623
600059,古越龙山,1165,1262,0.13066096892563528
600409,三友化工,1040,1123,0.12658427557191687
600819,耀皮玻璃,1363,1450,0.12616261626162606
000519,中兵红箭,2328,2543,0.12440143655227476
300383,光环新网,1207,1296,0.12119646882043567
600019,宝钢股份,1808,1953,0.12109779979265056
000829,天音控股,2117,2230,0.11899487998838021
002487,大金重工,1548,1659,0.11877790487435891
600383,金地集团,2269,2432,0.11633974059215868
000059,华锦股份,1014,1069,0.11625364431486895
002103,广博股份,1132,1211,0.11546797036439682
300603,立昂技术,1393,1453,0.11314865392118634
002041,登海种业,1196,1270,0.11279894875164254
002002,鸿达兴业,1291,1408,0.10582291114368592
002532,天山铝业,1013,1079,0.09932022209537639
002761,浙江建投,1561,1653,0.09891739581788528
600351,亚宝药业,958,1021,0.09710853619644944
300364,中文在线,2377,2663,0.09462851405622497
000711,京蓝科技,959,1028,0.09393484179889211
600111,北方稀土,5469,5821,0.09388997728171589
000031,大悦城,1169,1272,0.09383639105302843
002007,华兰生物,1300,1393,0.09283034454273231
600298,安琪酵母,1431,1523,0.09215252832274112
003032,传智教育,1278,1343,0.09157153266941953
600392,盛和资源,1392,1486,0.0896976078444276
300476,胜宏科技,1313,1363,0.0892417528311178
002170,芭田股份,1079,1136,0.08883276010318153
300433,蓝思科技,2728,2901,0.08730987435174531
000597,东北制药,1162,1248,0.08660022917462395
002431,棕榈股份,989,1042,0.08648435741616023
002092,中泰化学,2016,2101,0.08491508491508482
000901,航天科技,1382,1458,0.08343428225317995
300081,恒信东方,1184,1235,0.07911206204867605
000636,风华高科,1222,1285,0.07742837769113398
600782,新钢股份,958,1002,0.07724906162973721
600557,康缘药业,1121,1170,0.07584734454230047
002570,贝因美,1091,1164,0.07552083333333326
600498,烽火通信,1719,1792,0.07527378751244496
002758,浙农股份,1285,1337,0.07497638343360014
000937,冀中能源,1005,1058,0.07142857142857162
300432,富临精工,1170,1222,0.07016237844879725
000932,华菱钢铁,1081,1135,0.06945799698394395
600312,平高电气,1028,1067,0.06927600147004775
600580,卧龙电驱,973,1015,0.06897723411484868
600160,巨化股份,1266,1311,0.06803253049734126
000066,中国长城,2089,2188,0.06745770676691731
300111,向日葵,36658,38161,0.06665555409426926
002167,东方锆业,2271,2352,0.06644978783592648
002151,北斗星通,1219,1268,0.06637705530642757
000650,仁和药业,1641,1723,0.06635044642857135
002475,立讯精密,4032,4202,0.0660052750666078
600586,金晶科技,1361,1426,0.06563599011107635
600811,东方集团,1034,1083,0.0652943068510774
002146,荣盛发展,1037,1085,0.0650710545998503
000526,学大教育,994,1044,0.06440437061384041
600789,鲁抗医药,1073,1120,0.0641804397984651
002364,中恒电气,999,1032,0.06346153846153846
000758,中色股份,1278,1356,0.06197599868485959
002362,汉王科技,8267,8503,0.06004562203895425
002600,领益智造,1758,1831,0.058903728436282554
002601,龙佰集团,1071,1117,0.05821260254843774
600330,天通股份,1130,1176,0.05794457475458259
300999,金龙鱼,1504,1586,0.05769464056093354
002738,中矿资源,1333,1386,0.056648975379625544
000026,飞亚达,1083,1138,0.0563524590163933
000555,神州信息,1052,1087,0.05583979754634982
300189,神农科技,1005,1031,0.05417445035206203
600497,驰宏锌锗,1074,1114,0.05317685889795554
002588,史丹利,1180,1225,0.05304231191318132
002429,兆驰股份,1013,1049,0.052663438256658424
000716,黑芝麻,3165,3240,0.05116683918321252
600267,海正药业,1135,1177,0.049803729146221665
600121,郑州煤电,1047,1083,0.04893597075091405
600428,中远海特,1202,1246,0.04881221070349251
600219,南山铝业,1268,1313,0.04850399553986251
002561,徐家汇,1313,1363,0.04843342908677939
300249,依米康,1193,1225,0.04836104017926934
600711,盛屯矿业,1181,1219,0.046827858751540274
000988,华工科技,1248,1290,0.04626604877307616
002808,恒久科技,2726,2799,0.04572848039745114
000966,长源电力,1047,1074,0.04525226839276408
300454,深信服,2253,2327,0.04425107225338154
002043,兔宝宝,3078,3184,0.0422705646159347
600808,马钢股份,993,1020,0.04202672964414145
600022,山东钢铁,1120,1152,0.04200235358015769
300376,易事特,1320,1356,0.04159196844747215
600720,祁连山,1326,1371,0.040689698179096956
000960,锡业股份,1152,1186,0.040581141704737256
600068,葛洲坝,988,1021,0.03933253873659126
300001,特锐德,1410,1440,0.038733805262454846
600026,中远海能,1347,1384,0.03832416601185806
002539,云图控股,1082,1107,0.037685830127871967
600549,厦门钨业,1634,1673,0.037673628460077824
300604,长川科技,1403,1432,0.03702725311495625
300759,康龙化成,1593,1631,0.035951977032493865
300672,国科微,1347,1375,0.03591331269349851
600481,双良节能,1304,1333,0.035483734863507976
002550,千红制药,1051,1076,0.03527637212923307
300051,三五互联,1168,1193,0.035003862495171845
002062,宏润建设,1014,1034,0.0349103166004574
600489,中金黄金,1270,1301,0.032117466328462685
300895,铜牛信息,1799,1826,0.03063739875572269
600537,亿晶光电,1149,1177,0.03059302237962469
000572,海马汽车,1069,1099,0.029500525584076565
002841,视源股份,1182,1202,0.028484431784697062
002032,苏泊尔,1382,1416,0.02818028523250171
000428,华天酒店,1275,1295,0.02802338503164714
600372,中航电子,1607,1641,0.02781146870504614
300077,国民技术,1402,1428,0.027803385080570786
002531,天顺风能,1210,1232,0.027768105849582225
000620,新华联,1301,1327,0.02767175572519065
300094,国联水产,1386,1405,0.02666215039194819
002310,东方园林,1128,1149,0.02650015229972591
600381,青海春天,1091,1110,0.026496754027410363
600507,方大特钢,1031,1049,0.02626415094339629
600718,东软集团,1437,1462,0.025418974826449725
002378,章源钨业,1020,1035,0.025185270958777206
600518,st康美,1142,1160,0.023436447716966624
300751,迈为股份,1104,1118,0.022484355097746045
600520,文一科技,1164,1183,0.022064712477975146
002936,郑州银行,1066,1084,0.021407480314960647
600410,华胜天成,1152,1165,0.02108029523596522
002714,牧原股份,4476,4538,0.02096939727561109
002916,深南电路,1376,1393,0.020679530201342278
002350,北京科锐,1359,1371,0.020405769907352767
300601,康泰生物,1126,1141,0.0200138026224983
600089,特变电工,3432,3481,0.019916744922701568
600717,天津港,1216,1233,0.019907126993741198
300785,值得买,1582,1606,0.019730128132441127
002713,东易日盛,1792,1845,0.01860211800302569
301236,软通动力,1685,1705,0.018581405779457993
600516,方大炭素,1741,1762,0.01851739236195571
002865,钧达股份,1243,1255,0.01770271645131749
300803,指南针,15910,16156,0.016907857627022294
002585,双星新材,1209,1223,0.016783794956593434
600406,国电南瑞,1400,1415,0.016731412746644025
600705,中航产融,3301,3351,0.016144116861138258
000933,神火股份,1302,1316,0.01492701937571228
300088,长信科技,1162,1173,0.014871101580345991
000423,东阿阿胶,1284,1322,0.014641016102460602
600597,光明乳业,1233,1245,0.014213363829439718
000736,中交地产,2170,2187,0.01315965085551074
000078,海王生物,1022,1031,0.013048042793581072
300343,联创股份,1030,1039,0.013008373205741552
002068,黑猫股份,1098,1107,0.012885707232782151
300339,润和软件,2762,2786,0.012876965772433024
002101,广东鸿图,1580,1591,0.011889675736116434
600118,中国卫星,1166,1175,0.011441346659652796
002382,蓝帆医疗,1158,1166,0.011180722891566353
600704,物产中大,1216,1225,0.010541195476575282
002249,大洋电机,1080,1086,0.008647681526763096
300763,锦浪科技,1321,1329,0.00863352188151234
300393,中来股份,1287,1294,0.007994014334094635
600152,维科技术,1342,1348,0.0073897901979103064
000875,吉电股份,1253,1259,0.007192163022361919
002077,大港股份,2957,2971,0.006662509435819919
002821,凯莱英,1602,1609,0.006569791902650612
002245,蔚蓝锂芯,1338,1344,0.006442058496852976
600812,华北制药,1232,1238,0.006329804649132464
000961,中南建设,1148,1153,0.006249999999999867
300408,三环集团,1104,1109,0.006122018154950393
600547,山东黄金,2104,2114,0.006091797080138628
002603,以岭药业,5121,5146,0.005417644333517657
002500,山西证券,1197,1201,0.004763860369609851
002647,仁东控股,1217,1221,0.004631663006588127
000789,万年青,1289,1294,0.004365366088631806
002352,顺丰控股,1422,1426,0.004299640461099319
002120,韵达股份,1142,1145,0.004205539710929518
002598,山东章鼓,1599,1602,0.003950774260932821
600062,华润双鹤,1210,1213,0.003531990906138427
000049,德赛电池,1338,1341,0.0032655206065610454
002689,远大智能,1180,1182,0.002189588130922182
600141,兴发集团,1369,1371,0.0020210467628405393
600048,保利发展,1539,1541,0.001991211205712773
002508,老板电器,1090,1091,0.001485960237753714
000060,中金岭南,1089,1089,0
000750,国海证券,1206,1206,0
300122,智飞生物,1354,1354,0
000831,中国稀土,2768,2767,-0.0004496612035416181
002518,科士达,1715,1714,-0.0010217743640335009
000681,视觉中国,12250,12234,-0.002188441819991116
300158,振东制药,1160,1158,-0.002468610342626132
300070,碧水源,1146,1144,-0.002475036272083342
600521,华海药业,1409,1406,-0.002507999654069115
002938,鹏鼎控股,1058,1056,-0.0029771070731958726
600233,圆通速递,2929,2919,-0.004392142608327099
600158,中体产业,1078,1075,-0.004520184963890506
000825,太钢不锈,1015,1012,-0.004609271523178915
000876,新希望,2468,2460,-0.004788540527152163
600110,诺德股份,1214,1210,-0.004824287793720128
301029,怡合达,1695,1689,-0.005797874112825285
300783,三只松鼠,1434,1426,-0.006015973446737766
000683,远兴能源,1239,1234,-0.006117627204455189
000665,湖北广电,1596,1588,-0.0067420301647729275
002709,天赐材料,2128,2118,-0.006894912030432687
002460,赣锋锂业,3855,3835,-0.006987867616052856
000046,泛海控股,1164,1158,-0.007191865751839499
002182,云海金属,1106,1101,-0.007203537185155762
600570,恒生电子,1865,1855,-0.007584475363531684
002223,鱼跃医疗,1690,1680,-0.0076311773064574595
300296,利亚德,1371,1364,-0.007696682464454874
002029,七匹狼,1207,1197,-0.007946076282332237
600664,哈药股份,1053,1046,-0.008306055646481125
300024,机器人,3829,3800,-0.008716200109859518
002576,通达动力,1659,1641,-0.009725016767270334
002074,国轩高科,2445,2426,-0.01040486441574151
000595,宝塔实业,1383,1376,-0.010723152501188604
002129,tcl中环,1498,1485,-0.012478485370051695
300346,南大光电,1294,1283,-0.012738599153422125
600809,山西汾酒,1250,1237,-0.012910958904109648
002162,悦心健康,1114,1103,-0.013161694929240353
600170,上海建工,1218,1207,-0.013615023474178534
002896,中大力德,1040,1031,-0.013885933177271825
300760,迈瑞医疗,1829,1810,-0.01391871068785222
000709,河钢股份,1218,1208,-0.014035427354563978
600546,山煤国际,1153,1140,-0.01661744611451499
000785,居然之家,1461,1442,-0.01678189626290627
002125,湘潭电化,1174,1160,-0.017853216657139015
002630,华西能源,1020,1008,-0.017959436445270205
300059,东方财富,25336,25008,-0.018807971637768484
600200,江苏吴中,1152,1139,-0.018942819817103773
600435,北方导航,1089,1075,-0.019452829284653417
002273,水晶光电,1164,1149,-0.01962110960757779
600268,国电南自,1159,1146,-0.02000424493261166
002642,荣联科技,2251,2214,-0.021864493122771167
002966,苏州银行,1561,1534,-0.022475457833400325
000034,神州数码,1654,1631,-0.022621672036628793
000686,东北证券,1284,1263,-0.023377221603777087
000158,常山北明,1071,1055,-0.02341778540425965
000938,紫光股份,2936,2905,-0.02404000427853248
003042,中农联合,1416,1397,-0.024718496254093614
600177,雅戈尔,1120,1099,-0.02488354988967889
002311,海大集团,1048,1028,-0.025064822817631782
600271,航天信息,1753,1726,-0.025245848782846858
000591,太阳能,1436,1407,-0.025297037148443335
000949,新乡化纤,1033,1018,-0.025621392390152042
002396,星网锐捷,1349,1329,-0.025799564076331105
002457,青龙管业,1111,1098,-0.02607913669064743
002497,雅化集团,1233,1207,-0.02636548010350359
301299,卓创资讯,1373,1349,-0.026537537652037813
300118,东方日升,1549,1518,-0.02657090500679793
002465,海格通信,1291,1271,-0.026794788875542652
600438,通威股份,4877,4789,-0.027695479950078816
600588,用友网络,1436,1410,-0.02812908039544859
002439,启明星辰,1770,1737,-0.028444048149799395
002421,达实智能,1135,1113,-0.02877373382041215
300498,温氏股份,1392,1366,-0.029789419619928204
600056,中国医药,2467,2409,-0.03072370584152262
002918,蒙娜丽莎,2453,2383,-0.032115171650055396
600066,宇通客车,1662,1617,-0.03256800598951837
002507,涪陵榨菜,1578,1544,-0.03258534650847689
300251,光线传媒,1339,1293,-0.033976007946412645
002256,兆新股份,1161,1136,-0.03405194683199464
600398,海澜之家,1451,1404,-0.035013357994245764
002239,奥特佳,1271,1238,-0.03583732774116233
300606,金太阳,1237,1203,-0.03600774202972645
000722,湖南发展,1250,1222,-0.03623059075495272
600536,中国软件,2784,2699,-0.036384837928794767
002424,贵州百灵,1353,1316,-0.036765461709782565
000797,中国武夷,1264,1234,-0.03741613624634432
000815,美利云,2398,2334,-0.03909014321819693
002192,融捷股份,1264,1223,-0.04013366637413096
600104,上汽集团,1751,1696,-0.04095940011812749
600176,中国巨石,1228,1197,-0.04114981461985612
600663,陆家嘴,1183,1138,-0.04117498580172896
300170,汉得信息,1364,1329,-0.04123166917171073
002080,中材科技,1031,1003,-0.04139055969008054
600733,北汽蓝谷,2158,2019,-0.04154727793696267
002402,和而泰,1048,1022,-0.04157935370023158
000430,张家界,5008,4739,-0.04167045035709138
002013,中航机电,1311,1251,-0.0419398380254532
002582,好想你,1259,1221,-0.04203860532539849
300568,星源材质,1142,1110,-0.0421799009135948
000978,桂林旅游,1276,1227,-0.04250291628032188
002130,沃尔核材,1053,1027,-0.04287013873095291
600581,八一钢铁,1119,1090,-0.0429234930842648
002803,吉宏股份,1166,1133,-0.04369463975892618
600004,白云机场,1670,1613,-0.04468412942989208
000413,东旭光电,1262,1222,-0.045022317096836684
002558,巨人网络,1675,1619,-0.045074800854866925
600000,浦发银行,6787,6558,-0.04529797349376241
600477,杭萧钢构,1160,1118,-0.04554803485284786
600535,天士力,1075,1042,-0.045660575409132154
002305,南国置业,1178,1145,-0.04613159797541577
002762,金发拉比,1879,1775,-0.046907320714807854
000625,长安汽车,8403,8014,-0.04781259801137561
000027,深圳能源,1119,1087,-0.04818026063028924
000100,tcl科技,1510,1449,-0.04876905687425914
600771,广誉远,1214,1161,-0.04944506996943865
002414,高德红外,1382,1338,-0.04960926869095306
600660,福耀玻璃,1819,1745,-0.049813142684710154
002179,中航光电,1475,1421,-0.050507982583454236
002707,众信旅游,1553,1497,-0.05080715805280955
002044,美年健康,1850,1790,-0.05086529466791401
000540,中天金融,1258,1194,-0.05137289636846776
002467,二六三,1444,1375,-0.051378832229240556
002728,特一药业,1144,1107,-0.05181071945919857
001330,博纳影业,1376,1309,-0.052446891786109395
000837,秦川机床,1137,1093,-0.05281238359339424
600010,包钢股份,5414,5230,-0.05281651802947662
000957,中通客车,1516,1458,-0.05287811625640537
300017,网宿科技,1368,1327,-0.052926774983307334
600009,上海机场,1687,1620,-0.05303671352531736
600628,新世界,2568,2392,-0.05304620757030909
002217,合力泰,1105,1053,-0.05305562396650587
002351,漫步者,1851,1765,-0.05351012701682123
002184,海得控制,1187,1138,-0.053681387178421636
000670,盈方微,1572,1485,-0.054483026690852476
300616,尚品宅配,1320,1271,-0.05455522708949201
600763,通策医疗,1442,1394,-0.05487444317420276
000728,国元证券,1569,1509,-0.05518903831514854
600297,广汇汽车,1148,1100,-0.05563771533634432
600572,康恩贝,1301,1239,-0.056660259036334315
002334,英威腾,1627,1555,-0.056949596334278985
002248,华东数控,1100,1058,-0.05716162943495395
300274,阳光电源,2421,2313,-0.05717206381658202
300450,先导智能,1550,1487,-0.05718309859154935
600166,福田汽车,1597,1336,-0.05726845581726148
600754,锦江酒店,1576,1487,-0.05778315087200847
600015,华夏银行,3783,3627,-0.05798364563840974
002261,拓维信息,2137,2080,-0.058002035159128607
600295,鄂尔多斯,3230,3067,-0.05813624568005982
002572,索菲亚,2051,1963,-0.05836744962605489
301165,锐捷网络,1742,1687,-0.0587996755879967
300146,汤臣倍健,2520,2417,-0.058809631627650516
600466,蓝光发展,1305,1250,-0.059109101689890364
000596,古井贡酒,1928,1729,-0.059322382352336556
600238,海南椰岛,1851,1785,-0.059400409657997644
002104,恒宝股份,1340,1281,-0.059591808303148364
002065,东华软件,1481,1426,-0.05980053989202139
002736,国信证券,2033,1941,-0.060570286959680475
002797,第一创业,1323,1269,-0.060591990713871
000977,浪潮信息,12778,12390,-0.061772246408239306
300750,宁德时代,17402,16770,-0.06223831079084885
600773,西藏城投,1171,1123,-0.06302920534299306
002056,横店东磁,1262,1212,-0.06349901467046193
300271,华宇软件,1489,1435,-0.06406218040499079
000756,新华制药,1872,1767,-0.06412416291117395
002920,德赛西威,1663,1597,-0.06416574474504677
000671,阳光城,1561,1480,-0.06440910337263506
002279,久其软件,3299,3078,-0.06621483402382444
600016,民生银行,6860,6514,-0.06654110906269484
002456,欧菲光,1855,1758,-0.06687110730756429
002574,明牌珠宝,1576,1518,-0.0675746253665983
002926,华西证券,1455,1393,-0.0680931641734519
002369,卓翼科技,1271,1218,-0.06855486173059777
002948,青岛银行,1569,1490,-0.06872862542749147
000166,申万宏源,1611,1535,-0.06928203193763371
000980,众泰汽车,2707,2575,-0.0697928821470244
002610,爱康科技,1649,1566,-0.07006462129591906
300124,汇川技术,2354,2238,-0.07097645370917371
600499,科达制造,1161,1103,-0.07242195909580196
600350,山东高速,1430,1334,-0.07272347317277039
600436,片仔癀,4328,4042,-0.07288737345331842
002426,胜利精密,1102,1050,-0.07308680269471224
300033,同花顺,11917,11319,-0.07416974958834976
000997,新大陆,1369,1302,-0.07515568792789984
002928,华夏航空,1315,1236,-0.0756729975227084
600600,青岛啤酒,1646,1536,-0.07608825283243892
002537,海联金汇,1227,1165,-0.07613804785094236
300142,沃森生物,1942,1831,-0.07750836724374577
300166,东方国信,1416,1346,-0.07787026736737124
002008,大族激光,2700,2558,-0.07795403778442433
600415,小商品城,1183,1122,-0.07855937472244423
300052,中青宝,1750,1673,-0.07856037151702777
003005,竞业达,1215,1144,-0.07864181498739597
002747,埃斯顿,1501,1407,-0.07909702878365832
002466,天齐锂业,4964,4659,-0.0791059993560621
300161,华中数控,1073,1022,-0.079653166738475
600143,金发科技,1598,1510,-0.07998495580768528
600171,上海贝岭,1407,1340,-0.08011380035459537
000564,st大集,2876,2671,-0.08013749410258142
600006,东风汽车,1529,1430,-0.08027176648213374
002717,岭南股份,3427,3269,-0.08056972041498156
002474,榕基软件,1225,1140,-0.08089128080595942
002315,焦点科技,1268,1201,-0.08093135621459524
000001,平安银行,7317,6904,-0.08108236186143492
002415,海康威视,11897,11272,-0.08119683007575373
600703,三安光电,4289,4094,-0.08127569059185369
002945,华林证券,1176,1108,-0.08193451886322078
002681,奋达科技,1076,1024,-0.0819387089763095
000089,深圳机场,1411,1324,-0.0820914947615019
600036,招商银行,17326,16242,-0.08240709672007385
002528,英飞拓,4059,3754,-0.08255322326236914
002127,南极电商,1366,1296,-0.08335386384166887
002555,三七互娱,1923,1815,-0.08383970875605651
002139,拓邦股份,1463,1390,-0.08407466243050044
002459,晶澳科技,1728,1631,-0.08438831223375542
600196,复星医药,3471,3259,-0.08444474967378612
002212,天融信,1557,1476,-0.08449032443709092
002564,天沃科技,1082,1021,-0.08533526290400384
300782,卓胜微,1502,1403,-0.08587580760947588
000768,中航西飞,1417,1330,-0.08782678316566295
000155,川能动力,1323,1246,-0.08798613026517987
002271,东方雨虹,2653,2512,-0.0887755102040817
600522,中天科技,3337,3140,-0.08879528746172616
000333,美的集团,2328,2197,-0.0888301727967824
002371,北方华创,4043,3841,-0.08928516994360614
002560,通达股份,1499,1311,-0.0895017647541656
300002,神州泰岳,1397,1322,-0.08956514577499597
600487,亨通光电,2234,2126,-0.09028278227782427
002204,大连重工,1310,1238,-0.09081814623113393
002617,露笑科技,1639,1525,-0.09114468460520508
002468,申通快递,18481,17299,-0.09133541878720375
600446,金证股份,1370,1280,-0.09222940739955487
000931,中关村,6568,6098,-0.09258881869438218
002152,广电运通,1404,1317,-0.09305156007966375
002312,川发龙蟒,1076,1010,-0.09439731702505427
600050,中国联通,9190,8459,-0.09446927598361854
600332,白云山,1652,1491,-0.09474239564943898
002621,美吉姆,1513,1391,-0.09490852513546866
600316,洪都航空,1145,1074,-0.09525351591413767
300015,爱尔眼科,2569,2358,-0.09550342588690675
002251,步步高,2695,2432,-0.09666421636967382
600085,同仁堂,2090,1929,-0.0971999583636931
002739,万达电影,2168,1992,-0.09740643905418023
000735,罗牛山,1221,1146,-0.09793768011527382
000021,深科技,1095,1031,-0.0985975350616235
000568,泸州老窖,3625,3167,-0.09886927846716143
002155,湖南黄金,1679,1572,-0.09975888120880883
600096,云天化,2802,2628,-0.09982393321331773
000516,国际医学,1321,1247,-0.10005594927265937
600030,中信证券,4933,4580,-0.10031160584799892
300390,天华超净,1261,1176,-0.10041142205385145
300003,乐普医疗,1411,1319,-0.10041778011968838
600029,南方航空,5069,4620,-0.10250415259507673
600699,均胜电子,1432,1327,-0.1032413372211296
002835,同为股份,1490,1386,-0.10364973537700206
600637,东方明珠,2918,2623,-0.10469442200846846
600832,东方明珠,2918,2623,-0.10469442200846846
002240,盛新锂能,1430,1332,-0.10477033104770328
600779,水井坊,2078,1875,-0.10483296531091957
600028,中国石化,2576,2329,-0.10509250429143613
002236,大华股份,2776,2571,-0.10518214468958442
002174,游族网络,1857,1719,-0.1062242866622427
001979,招商蛇口,1510,1393,-0.10634696755994355
000858,五粮液,7337,6247,-0.10638978173434521
002463,沪电股份,2093,1974,-0.1071140356322553
002191,劲嘉股份,1089,1021,-0.10788926578400271
300073,当升科技,1372,1276,-0.10819633904628656
000951,中国重汽,1513,1404,-0.10843538815134979
300079,数码视讯,1285,1209,-0.10865706961151655
600198,大唐电信,1137,1059,-0.10885990663650813
300212,易华录,1688,1572,-0.1091569861769095
002583,海能达,1276,1187,-0.10943396226415092
002226,江南化工,1263,1186,-0.11027705071855398
002340,格林美,2901,2689,-0.11042459946835259
000899,赣能股份,1176,1094,-0.11098147197461139
001301,尚太科技,1264,1146,-0.11134973317714425
002183,怡亚通,1571,1452,-0.11149521840268806
000063,中兴通讯,3509,3262,-0.11186419502444056
600109,国金证券,2060,1895,-0.11188533214861929
002987,京北方,1127,1039,-0.11190037709374723
000990,诚志股份,1097,1057,-0.11217483802340178
300014,亿纬锂能,2323,2128,-0.11257763975155277
000070,特发信息,1354,1270,-0.11265781806409847
002348,高乐股份,1443,1338,-0.11359820928931175
002624,完美世界,18313,16041,-0.1137362874478901
600161,天坛生物,1083,1007,-0.11373722778408513
000877,天山股份,1215,1143,-0.11385571732373623
300520,科大国创,1865,1752,-0.11390733080746629
300458,全志科技,1447,1350,-0.11405287058060343
600837,海通证券,2447,2231,-0.1144234984655852
600478,科力远,1323,1237,-0.11474580170232351
000863,三湘印象,1298,1200,-0.11484220309532467
002123,梦网科技,1239,1179,-0.11534637056678854
000810,创维数字,1227,1140,-0.11567557654394589
600116,三峡水利,1168,1091,-0.11724246560957674
002640,跨境通,1729,1569,-0.11761425565891859
002579,中京电子,2308,2142,-0.11767869365405303
600405,动力源,1423,1327,-0.1177366150723167
000783,长江证券,1596,1467,-0.11815798616594542
000729,燕京啤酒,1356,1224,-0.11815908880451897
600027,华电国际,1256,1168,-0.11821929865196656
000560,我爱我家,6134,5566,-0.11927329601818948
300738,奥飞数据,1369,1295,-0.119401324208535
600416,湘电股份,1158,1089,-0.11944129409657989
003040,楚天龙,1265,1149,-0.11991159905895765
600745,闻泰科技,2862,2663,-0.11993682066629274
002081,金螳螂,1390,1281,-0.12063043810105345
300676,华大基因,1851,1686,-0.12222846633289053
002368,太极股份,1509,1376,-0.1230499282182167
000800,一汽解放,1084,1001,-0.12425791131072228
002512,达华智能,1577,1446,-0.12450022940289718
002455,百川股份,1244,1151,-0.12464759439848394
600138,中青旅,1609,1479,-0.12624740472841744
002036,联创电子,1270,1171,-0.12741312741312738
002329,皇氏集团,1343,1226,-0.1274222622803063
600185,格力地产,1971,1810,-0.12864739756977928
002422,科伦药业,1470,1348,-0.1290911081110664
000538,云南白药,2262,2030,-0.12959395947299468
300182,捷成股份,1361,1251,-0.12989128221833135
300474,景嘉微,2386,2249,-0.1303263900278826
000651,格力电器,3242,2956,-0.1307274016865001
002145,中核钛白,1435,1314,-0.13098659897719234
600187,国中水务,1142,1039,-0.13118137900746607
002252,上海莱士,1240,1122,-0.1322001158972379
600749,西藏旅游,1378,1238,-0.13239849991847397
000610,西安旅游,2453,2200,-0.13289259192175318
002625,光启技术,1289,1173,-0.1343396829200112
600502,安徽建工,1369,1263,-0.1347477315565686
000422,湖北宜化,1386,1268,-0.137944934897408
300501,海顺新材,1313,1272,-0.13830405955565883
002673,西部证券,1377,1246,-0.1397976080956762
002157,正邦科技,2803,2443,-0.14037541010057542
300598,诚迈科技,1184,1064,-0.14137146571335713
600221,海航控股,1565,1423,-0.1416483214089157
300075,数字政通,1424,1295,-0.14225957333536154
600011,华能国际,1298,1180,-0.14359447778104162
000721,西安饮食,5282,4817,-0.1438768324691122
002097,山河智能,1379,1250,-0.14456294922327828
600596,新安股份,1315,1201,-0.14636089959270415
600230,沧州大化,1117,1007,-0.14678814651205596
600690,海尔智家,1237,1110,-0.14722577550367766
300136,信维通信,1206,1098,-0.14727734411737048
300026,红日药业,1331,1195,-0.14907771394012714
002594,比亚迪,42102,36981,-0.15017321961982688
300071,福石控股,1327,1278,-0.15030674846625747
300223,北京君正,1187,1095,-0.15047092662568384
600756,浪潮软件,1533,1395,-0.15084809649453446
002202,金风科技,2108,1898,-0.15092936802973966
600150,中国船舶,2554,2327,-0.15115958668197482
600418,江淮汽车,7491,6486,-0.1518831003017337
002514,宝馨科技,2377,2187,-0.15321302449740015
300287,飞利信,1141,1035,-0.15378458151983576
300459,汤姆猫,2443,1888,-0.15383659580975684
000656,金科股份,1479,1315,-0.15530303030303028
002142,宁波银行,4204,3810,-0.15556584250081684
301078,孩子王,1388,1223,-0.15678243774574052
600556,天下秀,1589,1393,-0.15816127775613542
300058,蓝色光标,1833,1651,-0.15843664635427612
600157,永泰能源,2782,2485,-0.1596152777005615
600801,华新水泥,1335,1217,-0.1605140954078521
000909,数源科技,1138,1012,-0.16079207920792093
000963,华东医药,1514,1368,-0.16138745950066724
000776,广发证券,2701,2375,-0.16178936920286136
002195,二三四五,5792,5207,-0.1620963118669978
002602,世纪华通,3003,2540,-0.1640459871226282
300827,上能电气,1115,1008,-0.16433640504183877
002235,安妮股份,4717,4102,-0.16454469969554397
002995,天地在线,1384,1236,-0.16542048870731518
600072,中船科技,1186,1084,-0.16645095942828214
300496,中科创达,1727,1571,-0.16707290050963874
600728,佳都科技,1460,1302,-0.1679865082856724
002389,航天彩虹,1332,1179,-0.16815098343881463
002567,唐人神,1404,1259,-0.16833466773418726
002030,达安基因,1342,1194,-0.16953705166693012
600206,有研新材,1189,1078,-0.17151534526854206
002090,金智科技,1510,1381,-0.1730902697450607
600399,抚顺特钢,1114,1009,-0.17409948542024023
301101,明月镜片,1635,1453,-0.1743928630431193
002326,永太科技,1520,1349,-0.1747973211138527
002176,江特电机,2697,2406,-0.17511205179282863
000970,中科三环,1706,1493,-0.17511481544480345
002027,分众传媒,1905,1689,-0.17537867122098705
600199,金种子酒,1471,1311,-0.17784591797623617
600610,中毅达,1122,1023,-0.17843380981976398
002432,九安医疗,3698,3188,-0.17917933683050058
600153,建发股份,1149,1007,-0.17991960852848643
000799,酒鬼酒,2513,2228,-0.17994774657086876
600795,国电电力,2764,2480,-0.1812420227982925
300027,华谊兄弟,1745,1475,-0.18132975151108133
600100,同方股份,1819,1644,-0.18227857194167085
300207,欣旺达,2453,2144,-0.1841137432968296
300479,神思电子,1759,1584,-0.18425734306357344
300379,东方通,1184,1058,-0.18535991477705083
000676,智度股份,1167,1066,-0.185755961440893
600095,湘财股份,1298,1076,-0.1889971817754813
002387,维信诺,1239,1093,-0.18904317542528015
300065,海兰信,1562,1420,-0.1905422913196373
000948,南天信息,1926,1654,-0.19221209610604806
002410,广联达,3891,3469,-0.19348310698645088
300359,全通教育,1615,1424,-0.1937661792485832
002866,传艺科技,1551,1380,-0.1959149810366625
600460,士兰微,2546,2257,-0.19613854434823308
600039,四川路桥,1564,1394,-0.19661801068836238
600223,鲁商发展,1239,1130,-0.19918084436042838
000762,西藏矿业,1886,1635,-0.19995055488407854
600256,广汇能源,1619,1402,-0.20087461695607756
300502,新易盛,1880,1733,-0.20329041487839739
000513,丽珠集团,1300,1139,-0.20394880531166715
002506,协鑫集成,1614,1399,-0.20421197432202276
600571,信雅达,1676,1462,-0.20485904799630283
002292,奥飞娱乐,1614,1406,-0.20602500170776694
600519,贵州茅台,3474,2765,-0.20617285188564782
002607,中公教育,7637,6519,-0.20753134861451605
300253,卫宁健康,1326,1154,-0.20787664096686798
300292,吴通控股,1100,1006,-0.20932196882438747
600375,汉马科技,1331,1207,-0.2097526831544565
000868,安凯客车,1320,1144,-0.2108219743907478
002050,三花智控,1396,1216,-0.2121520016256857
002587,奥拓电子,1499,1318,-0.2128634575611339
002265,西仪股份,1182,1044,-0.21545087483176317
000039,中集集团,1824,1614,-0.21610304815301085
002458,益生股份,1567,1401,-0.2167199387745915
002335,科华数据,1528,1351,-0.21876065461984306
002230,科大讯飞,12125,10649,-0.22236421725239608
300009,安科生物,1188,1014,-0.2243264870632169
000065,北方国际,1192,1070,-0.22449238578680175
002059,云南旅游,2744,2176,-0.22552026286966054
300133,华策影视,1284,1059,-0.2259427265487033
600777,新潮能源,2545,2276,-0.23168993168993168
600257,大湖股份,1214,1058,-0.2322858903265559
002939,长城证券,1501,1294,-0.23239518408114268
600587,新华医疗,1312,1165,-0.23273461811432017
300008,天海防务,1299,1130,-0.2328597899938234
300773,拉卡拉,2369,2030,-0.23503956774332369
002100,天康生物,1211,1045,-0.23602667189645032
002015,协鑫能科,1518,1302,-0.2370482497634816
600063,皖维高新,1647,1428,-0.24024966899943245
300662,科锐国际,1342,1145,-0.24145217869067248
000830,鲁西化工,1792,1533,-0.24258768813384157
001338,永顺泰,1399,1227,-0.2437093858406214
002400,省广集团,1863,1589,-0.24508050089445454
002520,日发精机,1289,1105,-0.24520931942465873
000860,顺鑫农业,1355,1161,-0.24603139895919868
600685,中船防务,1184,1008,-0.2596662596662598
300896,爱美客,1325,1131,-0.25998151571164496
600338,西藏珠峰,1835,1527,-0.2671771708892945
300083,创世纪,2430,1998,-0.26724119541799096
000151,中成股份,1422,1187,-0.2734422019821048
000524,岭南控股,1240,1073,-0.2805747059845898
000547,航天发展,1796,1523,-0.28121336980073175
600839,四川长虹,1480,1242,-0.28406799193316057
002060,粤水电,1968,1688,-0.2896999536194653
002031,巨轮智能,2969,2354,-0.2958643685406679
002241,歌尔股份,14219,11753,-0.3017697546649112
000701,厦门信达,1409,1164,-0.3105603636681529
600585,海螺水泥,2329,1936,-0.31210976010515945
600055,万东医疗,1201,1037,-0.3206580366774543
300438,鹏辉能源,1682,1381,-0.32091911764705894
002657,中科金财,1821,1510,-0.3277729321122256
000661,长春高新,2130,1701,-0.3313888444941664
300693,盛弘股份,1515,1293,-0.3318385650224216
300264,佳创视讯,1259,1090,-0.34877597495018486
300198,纳川股份,1269,1153,-0.3528794713101857
000851,高鸿股份,2251,1792,-0.3549978664390867
000638,万方发展,1203,1026,-0.35695410292072305
000615,奥园美谷,1608,1244,-0.361878642440864
002093,国脉科技,2045,1612,-0.3627513288652646
600276,恒瑞医药,5780,4661,-0.36436415081628537
000009,中国宝安,1922,1574,-0.364727141308276
002049,紫光国微,2907,2406,-0.37398646039795125
600021,上海电力,1784,1374,-0.38655352904840856
600315,上海家化,1283,1016,-0.3911791451955138
300418,昆仑万维,4169,3561,-0.4048772646903491
600702,舍得酒业,1855,1474,-0.41057560105533053
000157,中联重科,5163,4269,-0.4121387467014277
002304,洋河股份,2060,1584,-0.41886151231945634
002253,川大智胜,2248,1721,-0.4245985442018114
600183,生益科技,1837,1476,-0.43092944760023033
300068,南都电源,1949,1553,-0.4334402717493868
002547,春兴精工,3692,3173,-0.4391375386590419
000812,陕西金叶,2312,1679,-0.45640337137316345
300449,汉邦高科,1654,1415,-0.4631473438022051
000680,山推股份,1478,1174,-0.46744432661717905
002272,川润股份,1504,1172,-0.470622739270701
600320,振华重工,2940,2483,-0.47602456808304305
002215,诺普信,1461,1249,-0.4812147777082032
000338,潍柴动力,3968,3090,-0.49280018580165663
300340,科恒股份,1451,1227,-0.5033317836665114
300044,赛为智能,2906,2147,-0.5081024930747922
002228,合兴包装,1194,1036,-0.5329766197510759
300957,贝泰妮,1438,1055,-0.5694145391161693
300047,天源迪科,1882,1386,-0.57529096508419
000629,钒钛股份,5251,4318,-0.5759259259259255
000536,华映科技,1262,1018,-0.577962917585559
300135,宝利国际,1413,1065,-0.5853828306264501
002148,北纬科技,1406,1028,-0.6558966074313408
000040,东旭蓝天,2260,1654,-0.6807142580470233
000425,徐工机械,3808,3022,-0.6996316758747696
300347,泰格医药,1582,1005,-0.7356134874928564
600031,三一重工,15088,11822,-0.8352057282940337
300229,拓尔思,4750,3468,-0.8700882304757891
002224,三力士,1570,1083,-1.1393191352049046
002281,光迅科技,4223,2956,-1.205044111377128
002131,利欧股份,4208,2778,-1.2363235250275766
002951,金时科技,1703,1137,-1.6824518245182452
